PDB code,Pair of chains,NTL,whGLN,Missing residues,links location 1,links location 2,
4UG1,AB,1,-1.059,0, 'resid_chain_A':'22-29', 'resid_chain_B':'22-28',
5E8M,AB,1,1.092,0, 'resid_chain_A':'', 'resid_chain_B':'21-28',
5QU6,AC,1,-1.033,1, 'resid_chain_A':'', 'resid_chain_C':'37-37',
5QU6,EF,1,-1.02,0, 'resid_chain_E':'37-37', 'resid_chain_F':'',
5QU6,GH,2,-1.161,0, 'resid_chain_G':'38-38', 'resid_chain_H':'36-36|38-38',
5QU6,UV,1,-0.956,3, 'resid_chain_U':'39-39', 'resid_chain_V':'',
5QU6,WX,1,-1.052,0, 'resid_chain_W':'38-38', 'resid_chain_X':'',
5QU6,YZ,1,-0.907,5, 'resid_chain_Y':'37-38', 'resid_chain_Z':'',
5X7O,AB,2,-0.761,0, 'resid_chain_A':'390-401|425-428', 'resid_chain_B':'390-401|426-428',
1Q7L,AB,1,0.325,0, 'resid_chain_A':'', 'resid_chain_B':'363-364',
1Q7L,CD,1,1.758,703, 'resid_chain_C':'184-184', 'resid_chain_D':'352-354',
6OJE,AB,1,0.004,0, 'resid_chain_A':'1390-1391', 'resid_chain_B':'1390-1391',
6QBG,AB,1,0.592,0, 'resid_chain_A':'31-34', 'resid_chain_B':'',
6YF6,AB,1,-1.247,0, 'resid_chain_A':'168-177', 'resid_chain_B':'168-177',
7PED,BA,1,-1.128,0, 'resid_chain_B':'102-103', 'resid_chain_A':'102-103',
7PVW,AB,1,-1.506,0, 'resid_chain_A':'118-120', 'resid_chain_B':'118-120',
1WZ3,AB,1,-1.066,0, 'resid_chain_A':'57-64', 'resid_chain_B':'57-62',
2HAX,AB,1,-1.113,0, 'resid_chain_A':'34-38', 'resid_chain_B':'34-38',
2RH0,AB,2,-1.333,0, 'resid_chain_A':'83-86', 'resid_chain_B':'83-83|85-85',
2RH0,CD,1,-1.364,0, 'resid_chain_C':'83-86', 'resid_chain_D':'83-86',
3DIE,AB,1,1.727,0, 'resid_chain_A':'20-23', 'resid_chain_B':'20-23',
3G16,AB,1,-0.941,0, 'resid_chain_A':'126-127', 'resid_chain_B':'125-127',
3D3R,AB,1,-0.99,0, 'resid_chain_A':'50-50', 'resid_chain_B':'48-51',
5YPP,AB,1,0.979,2, 'resid_chain_A':'', 'resid_chain_B':'29-30',
5YPP,CD,1,1.049,2, 'resid_chain_C':'', 'resid_chain_D':'29-30',
5YPP,EF,1,1.041,4, 'resid_chain_E':'', 'resid_chain_F':'53-56',
1B5F,AB,1,0.949,5, 'resid_chain_A':'216-216', 'resid_chain_B':'',
1B5F,CD,1,0.954,5, 'resid_chain_C':'216-216', 'resid_chain_D':'',
4PS0,AB,2,-2.451,10, 'resid_chain_A':'169-174--179-184|220-220', 'resid_chain_B':'171-174--179-182--185-186|220-220',
5A2V,AB,1,-0.079,10, 'resid_chain_A':'', 'resid_chain_B':'135-135',
5IF3,AB,1,0.542,66, 'resid_chain_A':'185-190--222-225', 'resid_chain_B':'184-189--222-226',
5JG7,AB,1,0.9,30, 'resid_chain_A':'85-85', 'resid_chain_B':'',
1NMS,AB,2,-2.547,8, 'resid_chain_A':'172-174--179-184|219-220', 'resid_chain_B':'169-174--179-184',
6BLQ,AB,1,-0.851,20, 'resid_chain_A':'', 'resid_chain_B':'8-9',
6IN9,BC,1,0.766,25, 'resid_chain_B':'', 'resid_chain_C':'170-170',
6KJU,AB,1,0.006,23, 'resid_chain_A':'', 'resid_chain_B':'130-132|139-143',
6T3Y,AB,1,-0.877,23, 'resid_chain_A':'', 'resid_chain_B':'43-43',
6WI4,AB,1,1.063,24, 'resid_chain_A':'274-279--292-297', 'resid_chain_B':'274-279--292-297',
6XAF,AB,2,-0.009,16, 'resid_chain_A':'1390-1392', 'resid_chain_B':'1373-1375|1389-1393',
2RK9,AB,1,-1.097,32, 'resid_chain_A':'50-55--67-72', 'resid_chain_B':'49-54--67-72',
3H0E,AB,1,-2.525,11, 'resid_chain_A':'170-173--180-185', 'resid_chain_B':'169-174--180-185',
3OD5,AB,2,-0.683,42, 'resid_chain_A':'170-175--197-200|254-254', 'resid_chain_B':'170-175--197-202|249-258',
3WVZ,AB,1,-0.894,29, 'resid_chain_A':'172-173', 'resid_chain_B':'172-174',
4EHA,AC,1,-0.864,21, 'resid_chain_A':'188-191', 'resid_chain_C':'191-191',
4EHK,AC,1,-0.132,19, 'resid_chain_A':'173-174--184-184', 'resid_chain_C':'191-191',
4EHL,AC,1,-1.175,22, 'resid_chain_A':'--185-192', 'resid_chain_C':'--185-192',
2C3B,AB,2,-0.033,66, 'resid_chain_A':'', 'resid_chain_B':'98-101|116-118',
